"Visitor","Scr","Home","Scr.1","O/S","Visitor: Shots","Home: Shots"
"CHICAGO","2","COLORADO","3","","",""
"NASHVILLE","1","DALLAS","4","","",""
"DETROIT","2","CAROLINA","0","","",""
"COLUMBUS","5","NY ISLANDERS","4","SO","",""
"NEW JERSEY","2","FLORIDA","3","","",""
"MONTREAL","4","TORONTO","3","SO","",""
"PITTSBURGH","2","BUFFALO","0","","",""
"ANAHEIM","2","ARIZONA","1","","",""
"MINNESOTA","2","ST LOUIS","4","","",""
"CALGARY","1","WINNIPEG","5","","",""
"NY RANGERS","4","WASHINGTON","2","","",""
"OTTAWA","3","PHILADELPHIA","1","","",""
"SAN JOSE","1","LOS ANGELES","4","","",""
"BUFFALO","2","COLUMBUS","4","","",""
"NY ISLANDERS","3","PITTSBURGH","1","","",""
"SAN JOSE","3","EDMONTON","1","","52","27"
"BOSTON","2","FLORIDA","4","","36","30"
"NEW JERSEY","3","TAMPA BAY","4","OT","24","31"
"DETROIT","3","MONTREAL","4","OT","27","26"
"ARIZONA","0","VANCOUVER","5","","28","32"
"LOS ANGELES","1","CALGARY","3","","34","25"
"WINNIPEG","0","COLORADO","1","SO","41","21"
"MINNESOTA","4","NASHVILLE","2","","27","34"
"CHICAGO","1","ST LOUIS","2","","22","25"
"CAROLINA","3","PHILADELPHIA","1","","27","28"
"OTTAWA","3","NY RANGERS","0","","",""
"BOSTON","0","WASHINGTON","3","","27","33"
"DALLAS","4","ANAHEIM","0","","",""
"TORONTO","0","COLUMBUS","5","","",""
"LOS ANGELES","2","EDMONTON","4","","27","22"
"MINNESOTA","2","CHICAGO","1","","30","33"
"CAROLINA","2","DETROIT","3","","32","25"
"PITTSBURGH","3","OTTAWA","4","OT","28","44"
"ARIZONA","2","CALGARY","3","","24","32"
"NASHVILLE","2","COLORADO","3","","42","23"
"WINNIPEG","1","ST LOUIS","0","","31","30"
"NY ISLANDERS","4","PHILADELPHIA","5","","40","27"
"NY RANGERS","4","NEW JERSEY","2","","40","21"
"DALLAS","5","SAN JOSE","1","","25","24"
"LOS ANGELES","1","VANCOUVER","2","SO","37","38"
"WINNIPEG","2","MINNESOTA","0","","34","32"
"COLUMBUS","3","NY RANGERS","4","OT","32","42"
"CAROLINA","3","BUFFALO","4","","52","25"
"OTTAWA","2","TORONTO","3","SO","45","38"
"ST LOUIS","2","CHICAGO","1","","33","39"
"MONTREAL","4","FLORIDA","1","","28","25"
"WASHINGTON","2","DETROIT","1","","28","36"
"PITTSBURGH","1","PHILADELPHIA","4","","47","20"
"CALGARY","4","EDMONTON","0","","29","27"
"COLORADO","1","LOS ANGELES","3","","10","26"
"DALLAS","4","NASHVILLE","3","OT","24","36"
"NEW JERSEY","1","NY RANGERS","6","","36","32"
"BUFFALO","0","NY ISLANDERS","3","","21","36"
"TAMPA BAY","4","FLORIDA","0","","22","34"
"WASHINGTON","3","OTTAWA","4","OT","32","28"
"TORONTO","1","BOSTON","2","SO","28","50"
"SAN JOSE","3","ARIZONA","5","","45","36"
"DETROIT","3","MINNESOTA","2","SO","22","24"
"VANCOUVER","4","WINNIPEG","5","","30","36"
"PITTSBURGH","3","COLUMBUS","5","","36","35"
"PHILADELPHIA","2","CAROLINA","3","SO","23","26"
"ST LOUIS","7","DALLAS","5","","21","32"
"ARIZONA","1","SAN JOSE","3","","21","37"
"COLORADO","4","ANAHEIM","2","","23","37"
"MONTREAL","2","NEW JERSEY","3","SO","33","18"
"CHICAGO","4","BUFFALO","3","","36","38"
"EDMONTON","2","LOS ANGELES","8","","30","33"
"VANCOUVER","1","CHICAGO","3","","36","38"
"CAROLINA","1","FLORIDA","6","","32","35"
"BOSTON","3","DETROIT","2","","25","37"
"TAMPA BAY","1","OTTAWA","2","OT","29","34"
"WASHINGTON","5","MONTREAL","4","SO","19","27"
"NY RANGERS","3","MINNESOTA","2","","26","28"
"CALGARY","1","ST LOUIS","4","","18","43"
"NY ISLANDERS","3","COLUMBUS","4","SO","28","39"
"PHILADELPHIA","4","PITTSBURGH","1","","31","25"
"COLORADO","1","SAN JOSE","5","","20","30"
"TORONTO","3","BUFFALO","4","","27","31"
"EDMONTON","1","ANAHEIM","5","","23","27"
"OTTAWA","2","DETROIT","1","SO","34","17"
"TAMPA BAY","1","TORONTO","3","","41","28"
"NY RANGERS","3","WINNIPEG","2","","24","34"
"VANCOUVER","5","NASHVILLE","4","SO","25","38"
"NEW JERSEY","2","COLUMBUS","3","OT","26","31"
"CAROLINA","2","WASHINGTON","4","","25","20"
"FLORIDA","2","BOSTON","3","","24","29"
"CALGARY","5","DALLAS","3","","25","36"
"LOS ANGELES","1","CHICAGO","4","","32","40"
"TAMPA BAY","5","MONTREAL","3","","44","28"
"BUFFALO","4","ARIZONA","1","","36","29"
"EDMONTON","4","COLORADO","1","","36","30"
"VANCOUVER","4","ST LOUIS","1","","22","24"
"SAN JOSE","2","PITTSBURGH","3","SO","32","33"
"ANAHEIM","2","NEW JERSEY","1","","25","27"
"CHICAGO","4","WINNIPEG","3","","24","34"
"BOSTON","2","CAROLINA","1","OT","30","31"
"DETROIT","4","NY ISLANDERS","5","","25","27"
"FLORIDA","4","OTTAWA","2","","37","27"
"CALGARY","5","NASHVILLE","2","","30","29"
"WASHINGTON","5","NY RANGERS","2","","31","25"
"DALLAS","4","VANCOUVER","3","OT","40","36"
"BUFFALO","3","COLORADO","5","","38","22"
"LOS ANGELES","1","MINNESOTA","4","","32","20"
"COLUMBUS","4","ST LOUIS","2","","17","31"
"NEW JERSEY","1","CAROLINA","3","","22","32"
"FLORIDA","2","MONTREAL","3","OT","23","25"
"OTTAWA","3","TORONTO","4","OT","25","31"
"TAMPA BAY","0","DETROIT","4","","23","23"
"ARIZONA","2","PITTSBURGH","3","","24","46"
"SAN JOSE","3","PHILADELPHIA","2","SO","44","18"
"ANAHEIM","3","NY ISLANDERS","2","","24","31"
"NY RANGERS","2","BOSTON","4","","32","30"
"NASHVILLE","4","WASHINGTON","3","","27","28"
"DALLAS","0","EDMONTON","4","","29","28"
"COLUMBUS","5","CHICAGO","2","","27","33"
"CALGARY","2","MINNESOTA","4","","25","36"
"NASHVILLE","3","TAMPA BAY","2","","19","30"
"SAN JOSE","6","DETROIT","4","","30","34"
"NY RANGERS","5","OTTAWA","1","","32","24"
"FLORIDA","4","TORONTO","1","","28","25"
"COLORADO","4","VANCOUVER","1","","38","34"
"MONTREAL","2","WINNIPEG","5","","41","22"
"PITTSBURGH","2","CAROLINA","5","","29","28"
"NEW JERSEY","2","WASHINGTON","3","OT","31","24"
"LOS ANGELES","3","NY ISLANDERS","2","","37","27"
"ARIZONA","4","BUFFALO","3","OT","42","35"
"ANAHEIM","3","BOSTON","2","OT","32","29"
"DALLAS","4","CALGARY","3","SO","30","34"
"CHICAGO","1","PHILADELPHIA","4","","35","33"
"COLORADO","3","EDMONTON","4","","44","34"
"FLORIDA","3","TAMPA BAY","4","","36","25"
"ARIZONA","5","DETROIT","4","OT","22","37"
"WINNIPEG","2","VANCOUVER","5","","28","30"
"MONTREAL","2","NASHVILLE","3","OT","29","31"
"ANAHEIM","3","COLUMBUS","5","","40","27"
"ST LOUIS","3","PITTSBURGH","2","OT","35","26"
"LOS ANGELES","4","NY RANGERS","2","","35","36"
"MINNESOTA","2","NY ISLANDERS","1","SO","32","38"
"WINNIPEG","4","EDMONTON","1","","24","34"
"BUFFALO","3","DALLAS","4","","28","39"
"SAN JOSE","2","OTTAWA","5","","31","37"
"MINNESOTA","2","TORONTO","1","","32","36"
"COLORADO","2","CALGARY","3","","27","26"
"CHICAGO","3","CAROLINA","1","","25","44"
"LOS ANGELES","3","NEW JERSEY","1","","33","20"
"ANAHEIM","2","NY RANGERS","7","","38","29"
"VANCOUVER","3","ARIZONA","1","","44","27"
"BOSTON","3","TAMPA BAY","5","","28","19"
"ST LOUIS","1","DETROIT","2","OT","24","25"
"PHILADELPHIA","4","EDMONTON","5","OT","31","34"
"CHICAGO","0","DALLAS","4","","33","29"
"BUFFALO","0","NASHVILLE","3","","24","43"
"NY RANGERS","3","CAROLINA","2","SO","29","30"
"NY ISLANDERS","3","NEW JERSEY","0","","30","26"
"BOSTON","1","FLORIDA","2","SO","27","25"
"TORONTO","3","OTTAWA","5","","25","41"
"SAN JOSE","0","MONTREAL","2","","29","29"
"PITTSBURGH","3","ARIZONA","1","","37","31"
"WASHINGTON","0","WINNIPEG","3","","28","24"
"COLUMBUS","3","CALGARY","2","OT","26","40"
"VANCOUVER","4","LOS ANGELES","1","","42","26"
"ST LOUIS","3","MINNESOTA","6","","29","28"
"DETROIT","1","TAMPA BAY","3","","31","32"
"COLORADO","2","ANAHEIM","3","OT","24","40"
"NEW JERSEY","3","BUFFALO","1","","27","29"
"PITTSBURGH","1","DALLAS","2","","32","26"
"DETROIT","1","FLORIDA","3","","27","32"
"BOSTON","4","OTTAWA","6","","35","32"
"CAROLINA","0","MONTREAL","4","","31","22"
"SAN JOSE","4","TORONTO","1","","42","28"
"COLORADO","5","ARIZONA","2","","29","30"
"COLUMBUS","6","VANCOUVER","2","","33","40"
"PHILADELPHIA","1","CALGARY","4","","27","26"
"ST LOUIS","1","WINNIPEG","2","SO","33","34"
"WASHINGTON","3","MINNESOTA","2","","27","30"
"COLUMBUS","4","EDMONTON","3","SO","20","47"
"CHICAGO","1","NY RANGERS","0","","31","25"
"LOS ANGELES","2","ANAHEIM","3","OT","31","26"
"NY ISLANDERS","1","CHICAGO","4","","39","30"
"MONTREAL","3","FLORIDA","2","","25","43"
"BUFFALO","2","BOSTON","1","SO","24","45"
"PHILADELPHIA","1","VANCOUVER","4","","28","35"
"ST LOUIS","4","CALGARY","0","","26","25"
"SAN JOSE","2","WINNIPEG","5","","40","22"
"MINNESOTA","3","NASHVILLE","2","OT","21","27"
"OTTAWA","2","CAROLINA","1","OT","33","36"
"PITTSBURGH","0","NEW JERSEY","2","","35","19"
"ARIZONA","0","LOS ANGELES","1","","25","35"
"TORONTO","1","EDMONTON","4","","29","32"
"MONTREAL","2","TAMPA BAY","4","","34","34"
"WASHINGTON","4","BUFFALO","3","SO","38","33"
"BOSTON","0","WASHINGTON","2","","32","38"
"PHILADELPHIA","1","OTTAWA","2","SO","28","28"
"NASHVILLE","2","ANAHEIM","4","","27","28"
"ST LOUIS","3","DALLAS","0","","21","28"
"CAROLINA","3","COLUMBUS","2","","27","24"
"FLORIDA","1","NY RANGERS","2","","39","34"
"DETROIT","5","PITTSBURGH","1","","25","43"
"CALGARY","2","COLORADO","3","","31","26"
"NASHVILLE","2","LOS ANGELES","1","","23","24"
"MINNESOTA","3","ST LOUIS","1","","19","42"
"FLORIDA","2","CAROLINA","0","","22","27"
"MONTREAL","3","NY ISLANDERS","1","","30","36"
"WINNIPEG","2","TAMPA BAY","1","","29","16"
"NY RANGERS","2","BUFFALO","0","","33","20"
"NEW JERSEY","4","ARIZONA","1","","29","31"
"TORONTO","1","VANCOUVER","4","","29","35"
"CHICAGO","6","SAN JOSE","2","","30","35"
"BOSTON","2","PITTSBURGH","0","","30","30"
"DETROIT","2","PHILADELPHIA","7","","33","36"
"ANAHEIM","2","MINNESOTA","1","","24","33"
"EDMONTON","4","COLUMBUS","5","SO","35","31"
"DALLAS","4","WASHINGTON","2","","31","20"
"OTTAWA","2","NY ISLANDERS","1","","28","35"
"TORONTO","3","CALGARY","6","","28","28"
"NASHVILLE","0","SAN JOSE","2","","35","21"
"WINNIPEG","2","FLORIDA","4","","20","20"
"COLUMBUS","3","DETROIT","1","","26","42"
"OTTAWA","5","MONTREAL","2","","28","29"
"CHICAGO","2","ARIZONA","1","","44","18"
"LOS ANGELES","4","VANCOUVER","0","","20","19"
"NEW JERSEY","1","COLORADO","2","SO","24","29"
"PHILADELPHIA","0","ST LOUIS","1","SO","28","35"
"DALLAS","5","CAROLINA","3","","32","18"
"EDMONTON","4","PITTSBURGH","6","","29","34"
"TAMPA BAY","2","BOSTON","3","SO","37","30"
"NY RANGERS","3","WASHINGTON","1","","31","29"
"ANAHEIM","3","CALGARY","6","","32","23"
"BUFFALO","3","TORONTO","4","SO","33","34"
"BOSTON","3","OTTAWA","1","","22","40"
"TAMPA BAY","1","MONTREAL","0","OT","36","19"
"LOS ANGELES","5","COLORADO","2","","30","23"
"NEW JERSEY","2","MINNESOTA","6","","32","38"
"WINNIPEG","4","ST LOUIS","5","","16","27"
"COLUMBUS","4","CAROLINA","3","SO","32","32"
"DALLAS","2","PHILADELPHIA","1","","39","26"
"NY RANGERS","2","NY ISLANDERS","1","","22","30"
"EDMONTON","2","DETROIT","5","","38","26"
"NY ISLANDERS","4","TORONTO","3","OT","43","25"
"PITTSBURGH","1","SAN JOSE","2","SO","40","30"
"NASHVILLE","2","ARIZONA","1","OT","40","28"
"ANAHEIM","1","VANCOUVER","2","","30","16"
"CALGARY","4","OTTAWA","5","SO","46","42"
"NY RANGERS","1","CHICAGO","0","OT","36","29"
"COLORADO","3","MINNESOTA","2","","21","34"
"PHILADELPHIA","2","NEW JERSEY","5","","27","21"
"EDMONTON","4","CAROLINA","7","","20","35"
"DETROIT","3","BOSTON","5","","39","30"
"VANCOUVER","3","SAN JOSE","2","","34","40"
"PITTSBURGH","1","LOS ANGELES","0","OT","18","31"
"COLORADO","4","COLUMBUS","0","","33","44"
"BUFFALO","1","WASHINGTON","6","","17","45"
"NY ISLANDERS","3","FLORIDA","4","SO","28","18"
"DALLAS","4","TAMPA BAY","5","","35","28"
"ST LOUIS","6","TORONTO","1","","44","24"
"WINNIPEG","3","NASHVILLE","1","","26","21"
"MONTREAL","2","ARIZONA","0","","35","28"
"PHILADELPHIA","2","BOSTON","3","OT","31","37"
"EDMONTON","1","CHICAGO","2","SO","47","39"
"CALGARY","5","DETROIT","2","","24","35"
"BUFFALO","2","OTTAWA","3","","26","37"
"PITTSBURGH","5","ANAHEIM","2","","21","29"
"MINNESOTA","3","CAROLINA","1","","19","38"
"COLUMBUS","3","NEW JERSEY","2","","24","23"
"MONTREAL","3","LOS ANGELES","4","SO","18","29"
"DALLAS","4","FLORIDA","3","SO","32","24"
"TORONTO","2","TAMPA BAY","4","","27","31"
"VANCOUVER","2","ARIZONA","3","SO","34","35"
"NY ISLANDERS","4","NASHVILLE","3","","26","31"
"MINNESOTA","2","WASHINGTON","1","","30","25"
"ST LOUIS","1","PHILADELPHIA","3","","29","31"
"CALGARY","4","BOSTON","3","SO","32","37"
"PITTSBURGH","1","COLORADO","3","","29","22"
"NY RANGERS","1","DETROIT","2","OT","40","31"
"MONTREAL","1","ANAHEIM","3","","38","33"
"OTTAWA","3","WINNIPEG","1","","20","36"
"LOS ANGELES","5","EDMONTON","2","","29","23"
"NY ISLANDERS","2","DALLAS","3","OT","37","35"
"TORONTO","3","FLORIDA","2","","34","42"
"BUFFALO","0","TAMPA BAY","3","","28","35"
"SAN JOSE","6","VANCOUVER","2","","30","28"
"ANAHEIM","4","ARIZONA","1","","35","30"
"OTTAWA","2","MINNESOTA","3","SO","33","38"
"WASHINGTON","5","COLUMBUS","3","","33","30"
"CALGARY","3","PHILADELPHIA","2","OT","26","37"
"NASHVILLE","1","NEW JERSEY","3","","34","23"
"CAROLINA","2","CHICAGO","5","","29","26"
"MONTREAL","0","SAN JOSE","4","","20","37"
"NASHVILLE","1","NY RANGERS","4","","26","40"
"ANAHEIM","3","DALLAS","1","","22","40"
"TORONTO","0","WASHINGTON","4","","32","32"
"ST LOUIS","5","VANCOUVER","6","SO","39","31"
"COLUMBUS","3","PITTSBURGH","5","","25","41"
"TAMPA BAY","3","FLORIDA","4","","23","26"
"LOS ANGELES","2","WINNIPEG","5","","20","29"
"ST LOUIS","2","EDMONTON","1","","27","22"
"MINNESOTA","3","COLORADO","1","","32","34"
"NY RANGERS","2","PHILADELPHIA","4","","36","34"
"OTTAWA","4","SAN JOSE","2","","31","30"
"TORONTO","0","MONTREAL","4","","30","23"
"ARIZONA","1","BOSTON","4","","32","34"
"NEW JERSEY","2","COLUMBUS","0","","19","33"
"CAROLINA","5","NY ISLANDERS","3","","41","24"
"BUFFALO","3","FLORIDA","5","","14","47"
"DETROIT","4","NASHVILLE","3","","25","40"
"COLORADO","5","DALLAS","4","SO","23","36"
"CHICAGO","0","TAMPA BAY","4","","28","29"
"LOS ANGELES","2","ANAHEIM","4","","22","32"
"WASHINGTON","0","CAROLINA","3","","28","38"
"CALGARY","1","NY ISLANDERS","2","","27","39"
"BOSTON","3","NEW JERSEY","2","OT","34","31"
"DETROIT","3","SAN JOSE","2","","35","22"
"OTTAWA","1","LOS ANGELES","0","","28","35"
"MINNESOTA","4","NASHVILLE","2","","30","29"
"CHICAGO","3","FLORIDA","0","","29","20"
"PHILADELPHIA","2","TORONTO","3","","49","17"
"ST LOUIS","2","WINNIPEG","1","SO","29","31"
"MONTREAL","5","COLUMBUS","2","","27","27"
"ARIZONA","3","NY RANGERS","4","","40","38"
"VANCOUVER","3","BUFFALO","6","","31","24"
"PITTSBURGH","4","WASHINGTON","3","","26","24"
"CALGARY","3","NEW JERSEY","1","","26","27"
"OTTAWA","3","ANAHEIM","0","","34","25"
"DETROIT","0","LOS ANGELES","1","","20","27"
"FLORIDA","2","CHICAGO","3","SO","36","38"
"DALLAS","2","WINNIPEG","4","","28","25"
"EDMONTON","2","MINNESOTA","1","","19","34"
"COLORADO","2","NASHVILLE","5","","20","41"
"MONTREAL","5","ST LOUIS","2","","23","29"
"BUFFALO","4","COLUMBUS","2","","31","47"
"PHILADELPHIA","1","CAROLINA","4","","24","35"
"CALGARY","0","NY RANGERS","1","","21","29"
"ARIZONA","1","NY ISLANDERS","5","","28","39"
"VANCOUVER","2","BOSTON","1","","28","41"
"DETROIT","3","ANAHEIM","4","SO","38","25"
"ARIZONA","0","NEW JERSEY","3","","38","28"
"COLUMBUS","3","NY RANGERS","4","SO","30","37"
"DALLAS","2","MINNESOTA","6","","20","35"
"FLORIDA","1","PITTSBURGH","5","","35","26"
"VANCOUVER","4","NY ISLANDERS","0","","24","37"
"NASHVILLE","2","BUFFALO","1","SO","38","17"
"TAMPA BAY","4","COLORADO","5","","32","18"
"BOSTON","6","CHICAGO","2","","30","28"
"WASHINGTON","2","PHILADELPHIA","3","","23","28"
"LOS ANGELES","2","SAN JOSE","1","","29","32"
"DETROIT","7","DALLAS","6","OT","36","34"
"PITTSBURGH","4","ST LOUIS","2","","29","23"
"CAROLINA","1","NEW JERSEY","3","","32","19"
"FLORIDA","1","OTTAWA","4","","22","39"
"COLUMBUS","1","MONTREAL","3","","32","24"
"WINNIPEG","3","TORONTO","4","OT","34","33"
"TAMPA BAY","4","ARIZONA","2","","27","24"
"ANAHEIM","2","EDMONTON","1","","21","27"
"NASHVILLE","2","PHILADELPHIA","3","SO","22","33"
"NY ISLANDERS","2","WASHINGTON","3","SO","32","27"
"COLORADO","4","CHICAGO","1","","30","28"
"MINNESOTA","4","EDMONTON","0","","29","15"
"ANAHEIM","6","CALGARY","3","","38","28"
"BOSTON","1","ST LOUIS","5","","27","15"
"TORONTO","1","CAROLINA","2","","24","26"
"VANCOUVER","2","NEW JERSEY","4","","23","27"
"NY RANGERS","3","BUFFALO","1","","43","25"
"SAN JOSE","5","DALLAS","2","","28","39"
"FLORIDA","3","MONTREAL","2","SO","21","39"
"WINNIPEG","1","WASHINGTON","5","","20","33"
"COLUMBUS","2","PITTSBURGH","1","","30","30"
"BUFFALO","3","PHILADELPHIA","2","SO","32","38"
"VANCOUVER","5","NY RANGERS","4","SO","28","34"
"NASHVILLE","2","NY ISLANDERS","5","","32","40"
"BOSTON","3","EDMONTON","4","SO","41","30"
"LOS ANGELES","4","COLORADO","1","","26","43"
"MINNESOTA","3","CALGARY","2","OT","29","37"
"TAMPA BAY","4","ANAHEIM","1","","32","25"
"MONTREAL","2","OTTAWA","4","","44","39"
"DETROIT","3","CHICAGO","2","SO","28","34"
"FLORIDA","3","TORONTO","2","","17","29"
"BUFFALO","1","NEW JERSEY","2","SO","25","35"
"SAN JOSE","1","NASHVILLE","5","","43","37"
"DALLAS","4","ST LOUIS","1","","22","28"
"NY ISLANDERS","4","CAROLINA","1","","30","38"
"WASHINGTON","3","PITTSBURGH","1","","33","33"
"COLUMBUS","5","PHILADELPHIA","2","","25","44"
"TAMPA BAY","2","LOS ANGELES","3","","23","28"
"MONTREAL","2","DETROIT","0","","29","25"
"CAROLINA","6","OTTAWA","3","","36","32"
"MINNESOTA","2","VANCOUVER","3","","22","29"
"BOSTON","3","CALGARY","4","OT","27","27"
"ARIZONA","2","COLORADO","5","","17","34"
"EDMONTON","4","WINNIPEG","5","SO","22","46"
"NY RANGERS","6","NY ISLANDERS","5","","42","43"
"PHILADELPHIA","2","BUFFALO","1","","30","22"
"TAMPA BAY","5","SAN JOSE","2","","33","35"
"WASHINGTON","5","ANAHEIM","3","","28","33"
"ST LOUIS","2","FLORIDA","1","SO","33","41"
"PITTSBURGH","1","CHICAGO","2","SO","37","32"
"VANCOUVER","2","CALGARY","3","","30","34"
"WASHINGTON","1","LOS ANGELES","3","","28","30"
"DALLAS","1","COLORADO","4","","25","30"
"CAROLINA","3","MINNESOTA","6","","27","24"
"NEW JERSEY","1","NASHVILLE","3","","22","38"
"COLUMBUS","3","NY ISLANDERS","6","","37","46"
"WINNIPEG","5","DETROIT","4","SO","38","29"
"TORONTO","1","MONTREAL","2","SO","29","32"
"NY RANGERS","5","ARIZONA","1","","32","35"
"EDMONTON","2","OTTAWA","7","","27","42"
"FLORIDA","0","DALLAS","2","","37","28"
"NEW JERSEY","1","CHICAGO","3","","26","35"
"BOSTON","2","VANCOUVER","5","","23","25"
"SAN JOSE","4","ARIZONA","2","","26","36"
"PHILADELPHIA","3","COLUMBUS","4","OT","25","33"
"CALGARY","3","LOS ANGELES","5","","18","45"
"ST LOUIS","6","TAMPA BAY","3","","44","29"
"PITTSBURGH","5","OTTAWA","4","SO","29","33"
"EDMONTON","4","MONTREAL","3","OT","38","26"
"NY RANGERS","6","COLORADO","3","","31","29"
"FLORIDA","1","MINNESOTA","2","","27","23"
"WINNIPEG","1","NASHVILLE","3","","33","26"
"ANAHEIM","2","CAROLINA","1","","17","36"
"TORONTO","2","NY ISLANDERS","3","","34","41"
"DETROIT","1","PITTSBURGH","4","","24","21"
"WASHINGTON","5","SAN JOSE","4","OT","33","30"
"VANCOUVER","5","CHICAGO","4","OT","36","41"
"ANAHEIM","2","FLORIDA","6","","33","26"
"PHILADELPHIA","1","MONTREAL","2","OT","24","41"
"NY RANGERS","5","TORONTO","4","","39","34"
"MINNESOTA","1","WINNIPEG","2","OT","30","34"
"TAMPA BAY","2","NASHVILLE","3","OT","32","29"
"ARIZONA","1","ST LOUIS","2","","26","36"
"EDMONTON","2","NY ISLANDERS","3","","36","28"
"OTTAWA","2","BUFFALO","1","","26","36"
"DALLAS","5","BOSTON","3","","32","44"
"CALGARY","4","SAN JOSE","1","","27","34"
"ARIZONA","3","CHICAGO","2","SO","29","38"
"VANCOUVER","3","MINNESOTA","5","","25","32"
"LOS ANGELES","4","COLUMBUS","3","","44","26"
"EDMONTON","2","NEW JERSEY","1","","24","14"
"MONTREAL","3","BOSTON","1","","34","35"
"COLORADO","3","WINNIPEG","5","","28","29"
"DALLAS","3","NY RANGERS","2","OT","25","36"
"ANAHEIM","3","TAMPA BAY","5","","28","23"
"NY ISLANDERS","3","BUFFALO","2","","31","10"
"PHILADELPHIA","3","WASHINGTON","1","","25","14"
"NASHVILLE","3","FLORIDA","2","SO","25","36"
"CHICAGO","4","ST LOUIS","2","","28","27"
"CAROLINA","5","SAN JOSE","4","","30","27"
"PITTSBURGH","0","VANCOUVER","5","","31","27"
"COLORADO","0","MINNESOTA","1","","18","29"
"COLUMBUS","4","OTTAWA","1","","33","35"
"NEW JERSEY","2","MONTREAL","6","","23","44"
"EDMONTON","1","TORONTO","5","","32","28"
"DALLAS","2","BUFFALO","3","","40","24"
"NY ISLANDERS","1","BOSTON","2","","40","36"
"DETROIT","3","ARIZONA","1","","26","23"
"LOS ANGELES","4","TAMPA BAY","2","","29","28"
"NY RANGERS","2","NASHVILLE","3","","32","23"
"PITTSBURGH","4","CALGARY","0","","30","21"
"CHICAGO","2","WINNIPEG","1","OT","22","21"
"ST LOUIS","1","COLUMBUS","7","","33","33"
"ANAHEIM","2","WASHINGTON","3","SO","25","34"
"TORONTO","1","NEW JERSEY","4","","34","17"
"TAMPA BAY","5","DALLAS","3","","29","36"
"LOS ANGELES","2","FLORIDA","3","","31","20"
"WASHINGTON","2","OTTAWA","1","","29","26"
"SAN JOSE","5","VANCOUVER","1","","38","34"
"CAROLINA","2","ARIZONA","1","SO","41","29"
"DETROIT","3","COLORADO","0","","29","28"
"ANAHEIM","5","NASHVILLE","2","","26","46"
"NY ISLANDERS","3","PHILADELPHIA","2","SO","30","18"
"ST LOUIS","3","BUFFALO","0","","30","23"
"SAN JOSE","1","CALGARY","3","","29","23"
"BOSTON","2","NY RANGERS","3","","20","25"
"PITTSBURGH","2","EDMONTON","0","","26","22"
"COLORADO","3","DALLAS","2","SO","24","32"
"BUFFALO","3","MONTREAL","2","","18","34"
"CAROLINA","4","ANAHEIM","5","OT","32","31"
"WINNIPEG","2","VANCOUVER","3","OT","28","33"
"CHICAGO","0","MINNESOTA","3","","24","43"
"TORONTO","3","NASHVILLE","4","","28","32"
"TAMPA BAY","1","ST LOUIS","2","OT","31","18"
"ARIZONA","4","COLUMBUS","1","","29","31"
"LOS ANGELES","0","WASHINGTON","4","","27","27"
"FLORIDA","4","NY ISLANDERS","2","","30","34"
"OTTAWA","1","NEW JERSEY","2","","20","19"
"EDMONTON","5","SAN JOSE","4","SO","40","37"
"WINNIPEG","2","CALGARY","5","","19","28"
"FLORIDA","3","NY RANGERS","6","","36","38"
"NASHVILLE","4","PITTSBURGH","0","","24","21"
"ST LOUIS","4","WASHINGTON","3","","40","36"
"ARIZONA","3","MONTREAL","2","","32","20"
"MINNESOTA","4","VANCOUVER","2","","20","37"
"EDMONTON","2","CALGARY","4","","19","33"
"CHICAGO","0","SAN JOSE","2","","31","20"
"COLUMBUS","1","TAMPA BAY","3","","35","34"
"TORONTO","0","PHILADELPHIA","1","","30","18"
"CAROLINA","1","NY RANGERS","4","","32","37"
"FLORIDA","1","NEW JERSEY","3","","27","14"
"LOS ANGELES","1","BOSTON","3","","31","33"
"DALLAS","5","WINNIPEG","2","","32","40"
"ARIZONA","2","OTTAWA","7","","37","31"
"NY ISLANDERS","1","DETROIT","4","","23","19"
"WASHINGTON","0","MONTREAL","1","OT","36","30"
"CHICAGO","4","ANAHEIM","1","","33","22"
"BUFFALO","2","VANCOUVER","5","","22","38"
"NASHVILLE","0","COLORADO","3","","23","28"
"ST LOUIS","3","CAROLINA","2","SO","32","28"
"PITTSBURGH","2","NEW JERSEY","1","OT","43","14"
"BUFFALO","2","EDMONTON","3","","20","34"
"COLUMBUS","2","FLORIDA","3","","33","31"
"DETROIT","1","TAMPA BAY","5","","28","32"
"DALLAS","6","OTTAWA","3","","41","28"
"ARIZONA","3","TORONTO","1","","45","25"
"ANAHEIM","3","SAN JOSE","6","","28","33"
"MINNESOTA","1","CALGARY","0","","32","30"
"NASHVILLE","4","ST LOUIS","5","SO","37","35"
"WINNIPEG","2","PHILADELPHIA","5","","38","32"
"MONTREAL","1","NY RANGERS","0","","26","24"
"BOSTON","5","NY ISLANDERS","2","","33","45"
"PITTSBURGH","0","WASHINGTON","4","","27","36"
"CHICAGO","3","LOS ANGELES","4","","29","27"
"TORONTO","1","NEW JERSEY","2","SO","30","23"
"MINNESOTA","2","EDMONTON","1","","29","24"
"DETROIT","5","FLORIDA","4","","27","41"
"DALLAS","2","MONTREAL","3","","42","26"
"TAMPA BAY","2","CAROLINA","4","","30","22"
"ANAHEIM","4","VANCOUVER","0","","24","17"
"BUFFALO","1","CALGARY","4","","18","31"
"COLORADO","3","NASHVILLE","4","OT","24","39"
"WASHINGTON","3","COLUMBUS","4","","28","30"
"WINNIPEG","3","PITTSBURGH","5","","22","30"
"ARIZONA","3","PHILADELPHIA","4","SO","27","42"
"NY RANGERS","1","NY ISLANDERS","4","","41","38"
"BOSTON","2","COLORADO","3","SO","24","36"
"COLUMBUS","0","WINNIPEG","4","","29","29"
"CHICAGO","3","PITTSBURGH","2","SO","26","35"
"LOS ANGELES","2","SAN JOSE","4","","28","24"
"CALGARY","3","ANAHEIM","6","","33","27"
"TORONTO","3","OTTAWA","4","","40","26"
"BOSTON","3","DALLAS","1","","27","37"
"ARIZONA","1","CHICAGO","6","","36","51"
"VANCOUVER","1","TAMPA BAY","4","","28","26"
"MINNESOTA","4","DETROIT","5","SO","38","24"
"NASHVILLE","1","MONTREAL","2","OT","37","27"
"PITTSBURGH","2","PHILADELPHIA","3","OT","35","40"
"EDMONTON","5","WASHINGTON","4","SO","31","24"
"OTTAWA","2","NY RANGERS","3","OT","35","35"
"NEW JERSEY","5","SAN JOSE","2","","34","36"
"CALGARY","2","LOS ANGELES","1","OT","23","34"
"VANCOUVER","2","FLORIDA","1","","23","24"
"CAROLINA","4","TORONTO","1","","32","35"
"COLUMBUS","3","MINNESOTA","1","","23","26"
"COLORADO","1","ST LOUIS","3","","18","30"
"PHILADELPHIA","4","NY ISLANDERS","7","","29","41"
"BUFFALO","4","DETROIT","6","","15","26"
"ARIZONA","3","WINNIPEG","4","SO","31","30"
"DALLAS","6","CHICAGO","3","","34","41"
"NY RANGERS","5","PITTSBURGH","2","","31","34"
"ARIZONA","1","MINNESOTA","3","","26","33"
"CALGARY","4","SAN JOSE","3","OT","23","22"
"ANAHEIM","3","LOS ANGELES","2","SO","31","28"
"WASHINGTON","4","DALLAS","5","","32","26"
"EDMONTON","3","FLORIDA","2","SO","34","37"
"COLORADO","2","TAMPA BAY","3","SO","42","31"
"NASHVILLE","2","DETROIT","5","","36","24"
"CAROLINA","3","OTTAWA","2","","28","32"
"NY ISLANDERS","4","MONTREAL","6","","31","35"
"PHILADELPHIA","4","BUFFALO","3","","32","27"
"COLUMBUS","3","BOSTON","1","","31","35"
"TORONTO","0","ST LOUIS","3","","27","33"
"WINNIPEG","4","CHICAGO","2","","35","33"
"NEW JERSEY","1","ANAHEIM","5","","15","40"
"WASHINGTON","3","NASHVILLE","4","","34","30"
"NY RANGERS","2","COLUMBUS","1","","26","36"
"VANCOUVER","3","CAROLINA","0","","17","28"
"PITTSBURGH","3","NY ISLANDERS","6","","24","35"
"TORONTO","1","SAN JOSE","3","","25","42"
"WINNIPEG","2","DALLAS","1","","22","47"
"COLORADO","4","FLORIDA","2","","29","32"
"EDMONTON","2","TAMPA BAY","3","","32","19"
"MONTREAL","1","OTTAWA","4","","26","35"
"CALGARY","4","ARIZONA","1","","25","28"
"DETROIT","3","ST LOUIS","2","OT","24","27"
"VANCOUVER","4","PHILADELPHIA","0","","22","30"
"MINNESOTA","7","BUFFALO","0","","37","18"
"NY RANGERS","0","BOSTON","3","","30","32"
"PHILADELPHIA","0","WASHINGTON","1","","21","26"
"NEW JERSEY","5","LOS ANGELES","3","","20","26"
"TORONTO","0","ANAHEIM","4","","28","25"
"MONTREAL","3","COLUMBUS","2","","31","16"
"OTTAWA","4","DALLAS","5","","41","29"
"SAN JOSE","3","ARIZONA","2","","25","29"
"FLORIDA","2","WINNIPEG","8","","27","35"
"VANCOUVER","1","NASHVILLE","5","","31","30"
"EDMONTON","2","ST LOUIS","4","","15","29"
"COLORADO","2","CAROLINA","3","SO","30","46"
"MINNESOTA","2","PITTSBURGH","7","","32","37"
"NY ISLANDERS","3","NY RANGERS","0","","44","27"
"DETROIT","3","BUFFALO","1","","30","26"
"TAMPA BAY","3","BOSTON","4","","19","34"
"TORONTO","0","LOS ANGELES","2","","19","20"
"COLORADO","1","WASHINGTON","2","","32","38"
"TAMPA BAY","3","PHILADELPHIA","7","","24","25"
"MINNESOTA","1","CHICAGO","4","","37","35"
"WINNIPEG","4","ANAHEIM","5","SO","32","43"
"FLORIDA","4","EDMONTON","2","","27","33"
"NY RANGERS","3","SAN JOSE","1","","32","31"
"WINNIPEG","5","LOS ANGELES","4","SO","25","29"
"CALGARY","1","VANCOUVER","0","","23","36"
"CAROLINA","4","ST LOUIS","5","SO","30","35"
"NY ISLANDERS","5","COLUMBUS","2","","40","18"
"DETROIT","1","WASHINGTON","3","","27","17"
"PITTSBURGH","2","MONTREAL","1","OT","37","28"
"OTTAWA","5","ARIZONA","1","","33","32"
"DALLAS","3","COLORADO","4","","40","30"
"NASHVILLE","3","MINNESOTA","1","","27","37"
"BOSTON","3","PHILADELPHIA","1","","18","25"
"CHICAGO","2","EDMONTON","5","","21","22"
"BUFFALO","1","TAMPA BAY","2","","21","47"
"COLUMBUS","2","TORONTO","5","","20","32"
"FLORIDA","6","CALGARY","5","","35","30"
"NY ISLANDERS","3","NEW JERSEY","2","OT","31","23"
"NY RANGERS","4","LOS ANGELES","3","","26","31"
"FLORIDA","3","VANCOUVER","1","","30","33"
"WINNIPEG","1","ARIZONA","4","","35","30"
"OTTAWA","2","COLORADO","5","","38","21"
"CHICAGO","4","MINNESOTA","2","","20","44"
"DALLAS","2","NASHVILLE","3","OT","20","24"
"SAN JOSE","2","ST LOUIS","7","","26","28"
"BUFFALO","2","CAROLINA","5","","20","31"
"WASHINGTON","2","PHILADELPHIA","3","OT","28","33"
"NEW JERSEY","0","BOSTON","3","","14","43"
"BOSTON","3","PITTSBURGH","2","OT","24","39"
"NY RANGERS","4","ANAHEIM","1","","30","25"
"DETROIT","3","CALGARY","2","","22","30"
"WASHINGTON","6","TORONTO","2","","26","33"
"DETROIT","4","EDMONTON","2","","41","23"
"COLUMBUS","4","DALLAS","2","","20","26"
"COLORADO","2","CHICAGO","0","","24","54"
"TAMPA BAY","4","MONTREAL","2","","36","22"
"NY ISLANDERS","2","VANCOUVER","3","","23","20"
"ST LOUIS","6","ARIZONA","0","","39","23"
"SAN JOSE","4","MINNESOTA","3","OT","26","31"
"CAROLINA","2","NASHVILLE","3","","25","26"
"OTTAWA","1","PHILADELPHIA","2","SO","42","34"
"BUFFALO","1","NEW JERSEY","4","","21","28"
"SAN JOSE","3","WINNIPEG","2","","37","19"
"NY ISLANDERS","2","EDMONTON","5","","33","23"
"DALLAS","4","CHICAGO","5","OT","34","38"
"TAMPA BAY","4","OTTAWA","2","","30","22"
"COLUMBUS","4","COLORADO","3","","27","29"
"NASHVILLE","3","ANAHEIM","4","SO","30","33"
"FLORIDA","3","WASHINGTON","4","","32","26"
"BOSTON","1","CAROLINA","2","SO","20","36"
"ST LOUIS","7","SAN JOSE","2","","33","20"
"DETROIT","1","VANCOUVER","4","","30","24"
"MINNESOTA","1","DALLAS","7","","22","35"
"MONTREAL","4","PITTSBURGH","1","","33","31"
"BUFFALO","1","NY RANGERS","6","","25","39"
"PHILADELPHIA","2","NEW JERSEY","5","","20","18"
"COLUMBUS","3","ARIZONA","6","","26","34"
"TORONTO","1","WINNIPEG","5","","21","40"
"NASHVILLE","7","LOS ANGELES","6","OT","25","30"
"OTTAWA","3","BOSTON","2","OT","26","28"
"ST LOUIS","3","ANAHEIM","4","","42","33"
"NY ISLANDERS","2","CALGARY","1","","24","23"
"EDMONTON","1","COLORADO","2","SO","28","28"
"TORONTO","1","MINNESOTA","3","","35","29"
"PHILADELPHIA","1","CAROLINA","2","","24","26"
"TAMPA BAY","3","PITTSBURGH","6","","35","29"
"MONTREAL","4","NEW JERSEY","2","","26","24"
"FLORIDA","2","BUFFALO","0","","33","30"
"LOS ANGELES","3","VANCOUVER","2","","40","16"
"CHICAGO","2","WASHINGTON","3","","35","35"
"EDMONTON","3","CALGARY","4","OT","20","28"
"NEW JERSEY","1","DETROIT","3","","13","28"
"PHILADELPHIA","3","COLORADO","4","OT","29","33"
"ARIZONA","0","DALLAS","6","","32","31"
"MINNESOTA","1","COLUMBUS","3","","29","26"
"CAROLINA","1","PITTSBURGH","2","","25","39"
"TORONTO","4","BOSTON","3","SO","21","28"
"NY RANGERS","5","FLORIDA","2","","34","20"
"TAMPA BAY","5","BUFFALO","1","","25","11"
"SAN JOSE","3","ANAHEIM","0","","27","28"
"NY ISLANDERS","5","WINNIPEG","2","","33","23"
"LOS ANGELES","2","EDMONTON","3","SO","39","21"
"MONTREAL","2","FLORIDA","1","SO","34","37"
"VANCOUVER","3","SAN JOSE","1","","21","32"
"ST LOUIS","2","NASHVILLE","3","","28","47"
"NY RANGERS","2","DALLAS","3","","30","27"
"NASHVILLE","4","CHICAGO","5","SO","40","42"
"TORONTO","2","TAMPA BAY","3","","23","41"
"BUFFALO","2","OTTAWA","5","","21","35"
"PHILADELPHIA","2","ARIZONA","4","","32","25"
"LOS ANGELES","1","CALGARY","2","","27","15"
"MINNESOTA","3","WINNIPEG","2","","31","30"
"COLORADO","0","ST LOUIS","3","","16","25"
"MONTREAL","3","CAROLINA","1","","19","29"
"WASHINGTON","3","NY ISLANDERS","4","OT","26","39"
"PITTSBURGH","1","NEW JERSEY","3","","28","27"
"DETROIT","2","BOSTON","5","","30","45"
"VANCOUVER","1","ANAHEIM","2","OT","14","31"
"TORONTO","4","FLORIDA","6","","22","34"
"EDMONTON","1","CALGARY","4","","27","27"
"WASHINGTON","3","PITTSBURGH","0","","34","31"
"SAN JOSE","1","LOS ANGELES","3","","22","29"
"CHICAGO","5","COLORADO","2","","33","25"
"PHILADELPHIA","1","NASHVILLE","4","","27","38"
"DALLAS","4","ST LOUIS","3","","24","33"
"BOSTON","2","COLUMBUS","6","","28","30"
"NEW JERSEY","1","NY RANGERS","3","","20","28"
"CAROLINA","1","TAMPA BAY","2","","26","38"
"DETROIT","3","OTTAWA","2","OT","27","33"
"NY ISLANDERS","3","BUFFALO","4","SO","36","26"
"ANAHEIM","1","ARIZONA","2","SO","36","29"
"WINNIPEG","4","MINNESOTA","3","OT","23","25"
"WINNIPEG","5","CHICAGO","1","","26","39"
"PITTSBURGH","3","TAMPA BAY","4","","29","27"
"BUFFALO","3","DETROIT","6","","16","39"
"WASHINGTON","2","NY RANGERS","4","","32","27"
"MONTREAL","3","NY ISLANDERS","1","","21","38"
"CAROLINA","2","NEW JERSEY","1","SO","33","19"
"NASHVILLE","3","BOSTON","5","","25","25"
"ST LOUIS","0","COLORADO","5","","26","41"
"TORONTO","4","DALLAS","0","","26","43"
"ARIZONA","5","EDMONTON","1","","22","27"
"PHILADELPHIA","5","MINNESOTA","2","","30","24"
"CALGARY","4","LOS ANGELES","3","OT","28","34"
"PITTSBURGH","3","FLORIDA","4","SO","27","37"
"SAN JOSE","2","ANAHEIM","3","OT","32","32"
"ARIZONA","1","VANCOUVER","7","","39","40"
"NASHVILLE","5","COLUMBUS","1","","35","31"
"OTTAWA","1","WASHINGTON","2","","39","23"
"PHILADELPHIA","4","WINNIPEG","3","OT","23","28"
"CAROLINA","0","NY RANGERS","1","","18","31"
"BUFFALO","3","BOSTON","4","OT","28","37"
"TORONTO","0","CHICAGO","4","","31","34"
"COLORADO","2","DETROIT","1","SO","23","35"
"DALLAS","6","EDMONTON","5","SO","45","29"
"ST LOUIS","2","SAN JOSE","3","OT","20","30"
"CALGARY","2","VANCOUVER","3","OT","28","32"
"NASHVILLE","6","MINNESOTA","5","OT","44","27"
"CHICAGO","2","COLUMBUS","3","SO","41","19"
"NY RANGERS","3","CAROLINA","2","SO","34","20"
"FLORIDA","1","PITTSBURGH","3","","46","34"
"TAMPA BAY","1","NY ISLANDERS","3","","21","48"
"WASHINGTON","4","NEW JERSEY","0","","21","21"
"OTTAWA","1","MONTREAL","4","","25","29"
"PHILADELPHIA","7","TORONTO","4","","42","25"
"COLORADO","5","BUFFALO","1","","23","29"
"ARIZONA","2","LOS ANGELES","4","","17","35"
"NY ISLANDERS","2","DETROIT","1","","32","18"
"ANAHEIM","2","OTTAWA","6","","34","31"
"DALLAS","2","CALGARY","1","","21","22"
"BOSTON","1","WINNIPEG","2","","31","27"
"TAMPA BAY","2","NEW JERSEY","3","SO","28","18"
"EDMONTON","3","SAN JOSE","4","","28","30"
"ST LOUIS","4","LOS ANGELES","6","","28","37"
"ANAHEIM","2","MONTREAL","1","","23","24"
"WASHINGTON","5","COLUMBUS","4","OT","36","26"
"TORONTO","1","CAROLINA","4","","26","37"
"COLORADO","0","PITTSBURGH","1","OT","29","48"
"FLORIDA","2","PHILADELPHIA","1","SO","32","26"
"DALLAS","2","VANCOUVER","0","","29","27"
"BOSTON","3","MINNESOTA","2","OT","25","37"
"OTTAWA","2","NEW JERSEY","0","","16","34"
"MINNESOTA","3","CHICAGO","5","","29","39"
"WASHINGTON","1","FLORIDA","2","SO","24","29"
"COLUMBUS","1","DETROIT","0","SO","29","30"
"CAROLINA","1","MONTREAL","4","","26","29"
"ANAHEIM","2","TORONTO","6","","42","27"
"EDMONTON","1","ARIZONA","2","OT","32","44"
"NY RANGERS","5","CALGARY","2","","23","31"
"BUFFALO","1","WINNIPEG","5","","28","36"
"BOSTON","2","NASHVILLE","3","SO","35","40"
"LOS ANGELES","2","ST LOUIS","5","","23","23"
"TAMPA BAY","3","PHILADELPHIA","1","","23","24"
"OTTAWA","4","BUFFALO","5","SO","33","33"
"TAMPA BAY","2","PITTSBURGH","4","","30","26"
"NEW JERSEY","2","NY ISLANDERS","3","SO","28","33"
"NY RANGERS","2","EDMONTON","0","","22","16"
"CALGARY","1","CHICAGO","2","","24","28"
"LOS ANGELES","3","TORONTO","4","SO","36","31"
"ST LOUIS","3","COLORADO","2","OT","42","25"
"NASHVILLE","0","SAN JOSE","2","","29","34"
"NEW JERSEY","3","DALLAS","4","","31","36"
"NY RANGERS","5","VANCOUVER","1","","23","30"
"PITTSBURGH","3","COLUMBUS","4","SO","36","27"
"TAMPA BAY","2","WASHINGTON","4","","28","28"
"CHICAGO","2","NY ISLANDERS","3","","25","41"
"DETROIT","1","TORONTO","4","","28","41"
"FLORIDA","3","BUFFALO","4","OT","28","32"
"MINNESOTA","4","ARIZONA","3","SO","35","30"
"ANAHEIM","4","WINNIPEG","1","","31","28"
"CAROLINA","1","PHILADELPHIA","5","","26","23"
"OTTAWA","3","BOSTON","2","SO","31","31"
"ANAHEIM","4","EDMONTON","2","","20","23"
"FLORIDA","3","DETROIT","2","SO","26","31"
"LOS ANGELES","2","MONTREAL","6","","46","20"
"CALGARY","1","PITTSBURGH","3","","27","22"
"MINNESOTA","1","SAN JOSE","2","","19","30"
"CAROLINA","1","TAMPA BAY","2","","30","27"
"LOS ANGELES","5","OTTAWA","3","","36","35"
"NASHVILLE","5","ARIZONA","1","","38","32"
"WINNIPEG","3","COLORADO","4","SO","33","26"
"NY ISLANDERS","3","ST LOUIS","6","","28","33"
"COLUMBUS","3","WASHINGTON","2","OT","23","41"
"NEW JERSEY","1","PHILADELPHIA","4","","18","36"
"CALGARY","3","BUFFALO","4","","45","19"
"CHICAGO","3","BOSTON","2","","21","34"
"TORONTO","2","DETROIT","1","SO","19","42"
"EDMONTON","1","ANAHEIM","2","","22","34"
"EDMONTON","2","SAN JOSE","5","","27","24"
"WINNIPEG","5","DALLAS","2","","32","28"
"WASHINGTON","5","TAMPA BAY","3","","35","36"
"VANCOUVER","1","MONTREAL","3","","16","25"
"CALGARY","1","TORONTO","4","","33","29"
"LOS ANGELES","0","BUFFALO","1","","34","16"
"NASHVILLE","3","COLORADO","0","","36","26"
"NY ISLANDERS","4","MINNESOTA","5","","19","30"
"PHILADELPHIA","2","COLUMBUS","3","OT","21","24"
"CHICAGO","3","NEW JERSEY","2","SO","39","24"
"FLORIDA","2","ST LOUIS","4","","34","28"
"NEW JERSEY","2","CAROLINA","1","","16","40"
"PITTSBURGH","3","NY RANGERS","4","OT","35","29"
"SAN JOSE","1","EDMONTON","2","","21","24"
"VANCOUVER","3","OTTAWA","4","OT","33","45"
"DETROIT","3","CAROLINA","1","","22","35"
"ANAHEIM","4","WINNIPEG","3","OT","25","30"
"SAN JOSE","3","CALGARY","2","","30","35"
"WASHINGTON","4","NEW JERSEY","1","","29","34"
"BUFFALO","2","FLORIDA","3","","28","37"
"COLUMBUS","3","TAMPA BAY","1","","20","34"
"NY RANGERS","2","DETROIT","3","","29","34"
"VANCOUVER","2","TORONTO","5","","46","28"
"BOSTON","5","ARIZONA","2","","33","26"
"MONTREAL","1","DALLAS","4","","17","29"
"CHICAGO","3","NASHVILLE","1","","31","33"
"ST LOUIS","6","NY ISLANDERS","4","","40","27"
"PHILADELPHIA","2","LOS ANGELES","1","","16","38"
"OTTAWA","2","PITTSBURGH","3","","29","33"
"MONTREAL","3","CHICAGO","4","","41","36"
"COLORADO","2","WINNIPEG","6","","22","37"
"ANAHEIM","5","MINNESOTA","4","","21","25"
"BOSTON","4","SAN JOSE","7","","24","44"
"COLUMBUS","4","FLORIDA","3","SO","20","55"
"BUFFALO","0","TAMPA BAY","5","","13","35"
"DALLAS","2","DETROIT","5","","24","29"
"NY ISLANDERS","2","OTTAWA","1","","25","21"
"NEW JERSEY","5","TORONTO","3","","26","32"
"LOS ANGELES","4","ARIZONA","0","","43","26"
"COLORADO","3","CALGARY","4","OT","29","25"
"ST LOUIS","3","NASHVILLE","4","","32","24"
"WASHINGTON","2","CAROLINA","1","","28","30"
"VANCOUVER","3","PITTSBURGH","0","","31","22"
"EDMONTON","2","WINNIPEG","3","OT","24","26"
"PHILADELPHIA","4","ANAHEIM","5","SO","35","33"
"ST LOUIS","1","CHICAGO","4","","41","33"
"MONTREAL","1","MINNESOTA","2","","19","35"
"BOSTON","0","LOS ANGELES","2","","31","35"
"FLORIDA","4","DETROIT","3","","31","41"
"DALLAS","3","TORONTO","5","","38","40"
"TAMPA BAY","1","BUFFALO","2","SO","27","22"
"PHILADELPHIA","1","SAN JOSE","2","","29","27"
"ARIZONA","2","CALGARY","5","","29","24"
"NASHVILLE","1","CAROLINA","2","","33","25"
"VANCOUVER","4","WASHINGTON","3","","32","25"
"NEW JERSEY","0","PITTSBURGH","1","","29","23"
"OTTAWA","2","NY ISLANDERS","3","OT","18","28"
"ARIZONA","5","EDMONTON","2","","24","27"
"BOSTON","2","ANAHEIM","3","","34","28"
"MONTREAL","4","COLORADO","3","","30","29"
"FLORIDA","1","COLUMBUS","2","","25","23"
"TAMPA BAY","6","NY RANGERS","3","","21","35"
"VANCOUVER","3","DETROIT","5","","33","30"
"CALGARY","3","ARIZONA","0","","29","26"
"ANAHEIM","4","SAN JOSE","6","","34","35"
"CHICAGO","4","LOS ANGELES","1","","25","20"
"DALLAS","2","COLORADO","5","","24","47"
"ST LOUIS","3","MINNESOTA","2","SO","26","38"
"COLUMBUS","1","NASHVILLE","2","","22","42"
"PITTSBURGH","3","CAROLINA","2","","33","34"
"NEW JERSEY","1","NY ISLANDERS","3","","35","28"
"OTTAWA","1","TAMPA BAY","4","","27","32"
"BUFFALO","4","MONTREAL","3","SO","26","44"
"WASHINGTON","2","TORONTO","6","","37","23"
"PHILADELPHIA","2","NY RANGERS","5","","23","35"
"MINNESOTA","5","DALLAS","4","OT","34","45"
"OTTAWA","2","FLORIDA","3","","24","46"
"EDMONTON","3","ST LOUIS","4","OT","16","41"
"VANCOUVER","5","COLUMBUS","0","","30","31"
"CAROLINA","4","PITTSBURGH","2","","35","22"
"DETROIT","5","NEW JERSEY","4","SO","32","25"
"MONTREAL","1","BUFFALO","2","","31","25"
"WINNIPEG","1","BOSTON","2","OT","36","38"
"NY ISLANDERS","2","WASHINGTON","5","","28","27"
"CHICAGO","4","ANAHEIM","1","","38","24"
"NY RANGERS","3","PHILADELPHIA","0","","24","26"
"EDMONTON","0","NASHVILLE","1","OT","37","25"
"CALGARY","2","SAN JOSE","0","","19","32"
"TORONTO","3","PITTSBURGH","4","OT","27","26"
"CAROLINA","0","FLORIDA","1","","33","28"
"NY RANGERS","3","TAMPA BAY","4","","19","29"
"PHILADELPHIA","2","DETROIT","5","","24","25"
"CHICAGO","3","COLORADO","2","","45","29"
"LOS ANGELES","4","MINNESOTA","0","","22","28"
"WASHINGTON","2","NY ISLANDERS","3","OT","27","35"
"WINNIPEG","2","BUFFALO","1","","26","20"
"EDMONTON","2","DALLAS","3","","37","34"
"CALGARY","2","ANAHEIM","3","","34","29"
"NEW JERSEY","0","VANCOUVER","2","","20","36"
"COLORADO","4","ARIZONA","3","OT","35","33"
"LOS ANGELES","3","NASHVILLE","4","SO","21","33"
"OTTAWA","3","ST LOUIS","2","SO","33","29"
"WINNIPEG","4","COLUMBUS","2","","32","34"
"MINNESOTA","4","FLORIDA","1","","39","30"
"OTTAWA","3","DETROIT","4","","26","43"
"PHILADELPHIA","0","NY ISLANDERS","1","SO","21","46"
"PITTSBURGH","3","BOSTON","2","OT","33","29"
"MONTREAL","0","NY RANGERS","5","","21","34"
"CHICAGO","1","VANCOUVER","4","","25","30"
"ARIZONA","1","ANAHEIM","2","","27","30"
"ST LOUIS","4","WINNIPEG","2","","29","30"
"CHICAGO","7","EDMONTON","1","","30","25"
"NEW JERSEY","4","CALGARY","5","SO","29","37"
"ARIZONA","4","SAN JOSE","3","SO","25","43"
"CAROLINA","3","COLORADO","4","","27","35"
"LOS ANGELES","4","DALLAS","5","","41","23"
"FLORIDA","2","NASHVILLE","3","SO","30","50"
"BUFFALO","2","WASHINGTON","1","","26","44"
"COLUMBUS","2","PHILADELPHIA","4","","22","37"
"PITTSBURGH","1","NY ISLANDERS","4","","28","35"
"MINNESOTA","1","TAMPA BAY","2","","31","28"
"DETROIT","1","TORONTO","4","","27","28"
"MONTREAL","2","BOSTON","0","","23","33"
"ST LOUIS","3","OTTAWA","2","","33","26"
"NEW JERSEY","2","EDMONTON","0","","26","29"
"BOSTON","4","COLUMBUS","3","SO","41","28"
"NY ISLANDERS","5","PITTSBURGH","4","SO","35","30"
"FLORIDA","3","SAN JOSE","2","SO","28","30"
"CAROLINA","2","LOS ANGELES","3","","27","39"
"ARIZONA","1","DALLAS","3","","27","27"
"NASHVILLE","2","OTTAWA","3","","35","19"
"ST LOUIS","1","MONTREAL","4","","32","30"
"TAMPA BAY","2","TORONTO","5","","28","21"
"ANAHEIM","4","VANCOUVER","3","SO","26","28"
"CHICAGO","4","CALGARY","3","","22","27"
"WASHINGTON","3","COLORADO","2","","23","29"
"DETROIT","4","WINNIPEG","3","","27","31"
"MINNESOTA","3","PHILADELPHIA","2","","29","39"
"PHILADELPHIA","0","NY RANGERS","2","","31","34"
"VANCOUVER","5","EDMONTON","4","","31","32"
"FLORIDA","2","LOS ANGELES","5","","32","27"
"CAROLINA","6","DALLAS","4","","25","27"
"PITTSBURGH","4","MONTREAL","0","","22","27"
"NASHVILLE","9","TORONTO","2","","37","31"
"SAN JOSE","1","BUFFALO","4","","30","14"
"WASHINGTON","2","ARIZONA","1","OT","24","24"
"ANAHEIM","3","CALGARY","4","SO","27","19"
"NEW JERSEY","1","WINNIPEG","3","","22","34"
"DETROIT","5","COLUMBUS","0","","40","28"
"TAMPA BAY","2","NY ISLANDERS","5","","28","36"
"ST LOUIS","0","BOSTON","2","","33","17"
"TAMPA BAY","5","NY RANGERS","1","","30","16"
"ARIZONA","2","EDMONTON","1","","28","34"
"MONTREAL","4","DETROIT","1","","19","29"
"DALLAS","2","CHICAGO","6","","24","47"
"FLORIDA","6","ANAHEIM","2","","29","35"
"SAN JOSE","2","CAROLINA","0","","19","45"
"WINNIPEG","3","MINNESOTA","4","OT","25","27"
"OTTAWA","2","CALGARY","4","","25","25"
"WASHINGTON","1","ST LOUIS","4","","25","34"
"SAN JOSE","1","COLUMBUS","2","","37","28"
"NY RANGERS","2","PITTSBURGH","3","SO","31","38"
"COLORADO","3","NEW JERSEY","2","","29","25"
"NY ISLANDERS","2","TAMPA BAY","5","","27","28"
"PHILADELPHIA","3","MONTREAL","6","","29","28"
"TORONTO","2","BUFFALO","6","","34","35"
"WINNIPEG","1","NASHVILLE","2","","22","29"
"ANAHEIM","2","LOS ANGELES","3","OT","29","37"
"MINNESOTA","2","DALLAS","1","","22","28"
"CAROLINA","1","BOSTON","2","","34","25"
"NY ISLANDERS","4","FLORIDA","3","SO","34","38"
"CHICAGO","1","DETROIT","4","","26","37"
"PITTSBURGH","2","TORONTO","1","","40","31"
"ARIZONA","5","VANCOUVER","0","","23","35"
"NEW JERSEY","1","WASHINGTON","0","","28","30"
"COLUMBUS","4","PHILADELPHIA","3","","38","27"
"DALLAS","2","LOS ANGELES","0","","27","27"
"OTTAWA","4","EDMONTON","3","OT","30","37"
"SAN JOSE","2","TAMPA BAY","1","","39","33"
"BOSTON","1","MONTREAL","5","","22","34"
"ARIZONA","3","CALGARY","5","","23","25"
"BUFFALO","3","MINNESOTA","6","","28","39"
"NASHVILLE","3","ST LOUIS","4","","25","27"
"WINNIPEG","3","CAROLINA","1","","37","23"
"COLORADO","4","NY RANGERS","3","SO","29","33"
"BOSTON","1","TORONTO","6","","26","33"
"LOS ANGELES","5","ANAHEIM","6","SO","26","49"
"TAMPA BAY","2","CHICAGO","3","SO","27","39"
"SAN JOSE","1","FLORIDA","4","","26","30"
"WINNIPEG","0","MONTREAL","3","","29","27"
"OTTAWA","3","VANCOUVER","4","OT","24","37"
"DALLAS","4","ARIZONA","3","","32","37"
"EDMONTON","2","NASHVILLE","3","","23","35"
"BUFFALO","1","ST LOUIS","6","","29","29"
"COLUMBUS","2","WASHINGTON","4","","26","32"
"PITTSBURGH","0","NY RANGERS","5","","33","35"
"COLORADO","0","NY ISLANDERS","6","","20","46"
"MINNESOTA","1","NEW JERSEY","3","","24","23"
"CALGARY","1","CAROLINA","4","","23","31"
"NEW JERSEY","2","BOSTON","4","","28","23"
"VANCOUVER","2","ANAHEIM","1","SO","35","29"
"SAN JOSE","2","CHICAGO","5","","34","37"
"EDMONTON","3","NY RANGERS","1","","33","21"
"TAMPA BAY","4","DETROIT","3","SO","30","20"
"TORONTO","5","OTTAWA","3","","30","41"
"CAROLINA","3","WASHINGTON","4","OT","27","39"
"VANCOUVER","1","LOS ANGELES","5","","19","36"
"SAN JOSE","5","DALLAS","3","","29","40"
"NASHVILLE","2","ST LOUIS","1","","35","29"
"TAMPA BAY","7","COLUMBUS","4","","38","32"
"COLORADO","3","PHILADELPHIA","4","","39","27"
"WINNIPEG","2","OTTAWA","1","SO","37","38"
"MINNESOTA","1","MONTREAL","4","","31","31"
"NY RANGERS","4","TORONTO","5","","35","31"
"PITTSBURGH","6","BUFFALO","1","","39","21"
"NY ISLANDERS","1","ARIZONA","0","","33","19"
"CALGARY","6","FLORIDA","4","","25","31"
"WASHINGTON","3","CHICAGO","2","","24","40"
"NEW JERSEY","2","DETROIT","4","","17","31"
"ARIZONA","3","ANAHEIM","2","SO","25","39"
"COLUMBUS","2","CAROLINA","3","OT","31","35"
"EDMONTON","3","BUFFALO","2","","52","31"
"VANCOUVER","3","SAN JOSE","2","","19","36"
"NY ISLANDERS","2","LOS ANGELES","1","SO","26","29"
"NASHVILLE","3","DALLAS","2","","33","35"
"CALGARY","2","TAMPA BAY","5","","31","33"
"MINNESOTA","0","OTTAWA","3","","35","17"
"TORONTO","3","COLORADO","4","SO","38","34"
"PITTSBURGH","4","WINNIPEG","3","SO","35","37"
"NEW JERSEY","3","ST LOUIS","4","","27","29"
"FLORIDA","1","PHILADELPHIA","4","","35","30"
"EDMONTON","2","BOSTON","5","","26","32"
"DETROIT","3","NY RANGERS","4","OT","28","30"
"NY ISLANDERS","3","ANAHEIM","2","OT","36","34"
"MONTREAL","2","BUFFALO","1","SO","32","32"
"LOS ANGELES","3","DALLAS","1","","30","34"
"DETROIT","1","OTTAWA","3","","32","32"
"CHICAGO","5","MONTREAL","0","","32","28"
"ST LOUIS","1","NEW JERSEY","0","","23","26"
"TORONTO","2","ARIZONA","3","","30","33"
"VANCOUVER","5","COLORADO","2","","37","22"
"NASHVILLE","1","WINNIPEG","3","","24","26"
"PITTSBURGH","4","MINNESOTA","1","","22","34"
"CAROLINA","4","COLUMBUS","2","","37","19"
"CALGARY","4","WASHINGTON","3","OT","23","34"
"EDMONTON","1","PHILADELPHIA","4","","36","25"
"FLORIDA","1","BOSTON","2","OT","19","25"
"ST LOUIS","4","NY RANGERS","3","SO","34","39"
"WINNIPEG","1","CHICAGO","0","","27","33"
"ARIZONA","6","WASHINGTON","5","","30","37"
"CALGARY","6","MONTREAL","2","","36","20"
"NASHVILLE","3","VANCOUVER","1","","33","27"
"ANAHEIM","3","COLORADO","2","","33","18"
"LOS ANGELES","2","CAROLINA","3","","32","32"
"DETROIT","2","BUFFALO","3","SO","38","21"
"VANCOUVER","3","EDMONTON","2","","30","27"
"NY ISLANDERS","1","SAN JOSE","3","","20","31"
"DALLAS","1","MINNESOTA","4","","20","30"
"COLORADO","2","ST LOUIS","3","SO","29","29"
"ARIZONA","0","CAROLINA","3","","25","35"
"BUFFALO","0","PITTSBURGH","5","","18","34"
"WINNIPEG","1","NY RANGERS","0","SO","25","38"
"COLUMBUS","2","NEW JERSEY","3","","34","29"
"PHILADELPHIA","1","FLORIDA","2","","37","30"
"WASHINGTON","3","TAMPA BAY","4","","38","28"
"CHICAGO","2","TORONTO","3","","47","27"
"OTTAWA","2","BOSTON","4","","29","30"
"ANAHEIM","2","DALLAS","1","OT","24","22"
"LOS ANGELES","2","DETROIT","5","","30","35"
"NASHVILLE","3","CALGARY","4","","31","30"
"TORONTO","4","COLUMBUS","1","","27","29"
"ARIZONA","1","FLORIDA","2","","33","26"
"PHILADELPHIA","3","TAMPA BAY","4","","27","32"
"CHICAGO","5","OTTAWA","4","SO","39","32"
"MONTREAL","2","VANCOUVER","3","OT","25","30"
"NY ISLANDERS","0","COLORADO","5","","40","23"
"SAN JOSE","3","MINNESOTA","4","SO","28","46"
"ANAHEIM","0","ST LOUIS","2","","24","29"
"LOS ANGELES","0","PITTSBURGH","3","","36","23"
"WINNIPEG","1","NEW JERSEY","2","SO","25","28"
"BOSTON","3","BUFFALO","2","OT","37","15"
"NASHVILLE","4","EDMONTON","1","","35","27"
"DETROIT","4","WASHINGTON","2","","22","27"
"ST LOUIS","4","DALLAS","3","OT","27","28"
"ANAHEIM","1","CHICAGO","0","","25","38"
"ARIZONA","3","TAMPA BAY","7","","25","35"
"BUFFALO","0","TORONTO","4","","10","37"
"CAROLINA","1","VANCOUVER","4","","30","25"
"MONTREAL","2","CALGARY","1","SO","19","38"
"SAN JOSE","3","COLORADO","2","SO","51","33"
"OTTAWA","5","COLUMBUS","2","","34","38"
"NEW JERSEY","3","PITTSBURGH","8","","19","33"
"LOS ANGELES","2","PHILADELPHIA","3","OT","40","43"
"WINNIPEG","4","NY ISLANDERS","3","","30","21"
"MINNESOTA","4","BOSTON","3","","42","28"
"MONTREAL","0","EDMONTON","3","","29","19"
"MINNESOTA","4","NY RANGERS","5","","30","20"
"WASHINGTON","2","VANCOUVER","4","","22","34"
"OTTAWA","1","CHICAGO","2","","33","45"
"SAN JOSE","4","ANAHEIM","1","","37","34"
"COLORADO","1","WINNIPEG","2","OT","23","28"
"COLUMBUS","2","LOS ANGELES","5","","24","27"
"WASHINGTON","3","CALGARY","1","","30","21"
"TAMPA BAY","2","MINNESOTA","7","","19","22"
"PITTSBURGH","3","NASHVILLE","0","","26","25"
"CHICAGO","2","ST LOUIS","3","","24","31"
"DETROIT","2","PHILADELPHIA","4","","37","17"
"DALLAS","5","NY ISLANDERS","7","","31","29"
"NEW JERSEY","3","OTTAWA","2","OT","29","35"
"NY RANGERS","1","MONTREAL","3","","35","30"
"BOSTON","4","TORONTO","1","","33","33"
"FLORIDA","1","ARIZONA","2","OT","24","41"
"BUFFALO","2","SAN JOSE","1","","15","30"
"CAROLINA","3","EDMONTON","6","","30","29"
"COLUMBUS","1","ANAHEIM","4","","17","34"
"VANCOUVER","3","COLORADO","7","","29","48"
"TAMPA BAY","4","WINNIPEG","2","","27","42"
"DALLAS","3","NEW JERSEY","2","SO","37","27"
"COLUMBUS","5","SAN JOSE","4","","28","37"
"BUFFALO","0","LOS ANGELES","2","","29","39"
"PITTSBURGH","3","DETROIT","4","OT","26","31"
"CAROLINA","0","CALGARY","5","","16","24"
"ARIZONA","0","MINNESOTA","2","","26","29"
"CHICAGO","2","NASHVILLE","3","","32","27"
"VANCOUVER","4","ST LOUIS","1","","23","32"
"NY ISLANDERS","3","BOSTON","2","","38","32"
"PHILADELPHIA","5","PITTSBURGH","3","","33","25"
"BUFFALO","1","ANAHEIM","4","","23","34"
"WASHINGTON","2","EDMONTON","3","","34","20"
"VANCOUVER","3","DALLAS","6","","46","28"
"PHILADELPHIA","0","CHICAGO","4","","32","43"
"DETROIT","1","MONTREAL","2","OT","28","36"
"TAMPA BAY","2","CALGARY","1","OT","22","22"
"FLORIDA","4","COLORADO","3","OT","36","33"
"CAROLINA","1","WINNIPEG","3","","22","26"
"ARIZONA","3","NASHVILLE","4","SO","36","26"
"TORONTO","5","NY ISLANDERS","2","","28","36"
"NY RANGERS","4","NEW JERSEY","3","OT","25","31"
"SAN JOSE","3","BOSTON","5","","34","33"
"TAMPA BAY","2","EDMONTON","3","","24","23"
"CALGARY","4","WINNIPEG","1","","29","35"
"ST LOUIS","0","ANAHEIM","3","","28","25"
"SAN JOSE","0","NY RANGERS","4","","33","29"
"MINNESOTA","1","LOS ANGELES","2","","41","16"
"NASHVILLE","1","CHICAGO","2","OT","20","37"
"TAMPA BAY","4","VANCOUVER","2","","24","32"
"PHILADELPHIA","6","DALLAS","5","OT","37","23"
"FLORIDA","1","WASHINGTON","2","SO","21","28"
"NY ISLANDERS","1","PITTSBURGH","3","","35","38"
"SAN JOSE","4","NEW JERSEY","2","","32","37"
"TORONTO","0","DETROIT","1","OT","30","32"
"COLUMBUS","2","OTTAWA","3","","40","35"
"COLORADO","2","MONTREAL","3","","34","36"
"BOSTON","4","BUFFALO","0","","36","32"
"ST LOUIS","6","ARIZONA","1","","36","25"
"VANCOUVER","2","EDMONTON","0","","30","28"
"DETROIT","4","TORONTO","1","","35","24"
"MINNESOTA","1","ANAHEIM","2","","28","26"
"NASHVILLE","2","WINNIPEG","0","","27","31"
"CALGARY","2","COLUMBUS","3","","31","26"
"FLORIDA","1","BUFFALO","0","","35","26"
"ST LOUIS","0","LOS ANGELES","1","SO","43","18"
"COLORADO","3","OTTAWA","5","","31","28"
"BOSTON","4","MONTREAL","6","","29","26"
"CAROLINA","1","NY RANGERS","2","SO","30","34"
"NEW JERSEY","2","WASHINGTON","6","","28","33"
"DALLAS","3","PITTSBURGH","2","","28","29"
"SAN JOSE","3","NY ISLANDERS","4","SO","23","45"
"BOSTON","3","DETROIT","2","SO","39","20"
"EDMONTON","4","ARIZONA","7","","27","30"
"CALGARY","2","CHICAGO","1","OT","18","50"
"EDMONTON","1","LOS ANGELES","6","","32","26"
"NEW JERSEY","2","TAMPA BAY","1","","25","27"
"COLORADO","2","TORONTO","3","OT","24","40"
"BUFFALO","4","CAROLINA","3","SO","26","25"
"CALGARY","3","NASHVILLE","2","SO","28","21"
"DALLAS","4","COLUMBUS","2","","35","35"
"SAN JOSE","6","WASHINGTON","5","SO","23","34"
"ANAHEIM","4","PHILADELPHIA","3","SO","28","42"
"NY ISLANDERS","6","NY RANGERS","3","","27","43"
"MONTREAL","1","TAMPA BAY","7","","17","41"
"OTTAWA","1","FLORIDA","0","","23","30"
"ANAHEIM","5","BUFFALO","1","","44","12"
"COLORADO","2","BOSTON","1","","30","28"
"WINNIPEG","1","LOS ANGELES","4","","30","31"
"TORONTO","6","NY RANGERS","3","","36","38"
"BUFFALO","2","CHICAGO","6","","23","47"
"WINNIPEG","0","SAN JOSE","3","","30","26"
"EDMONTON","4","VANCOUVER","5","SO","29","43"
"MINNESOTA","3","COLORADO","0","","34","30"
"DALLAS","1","NASHVILLE","4","","18","33"
"NY RANGERS","2","COLUMBUS","5","","26","24"
"MONTREAL","4","PHILADELPHIA","3","SO","38","32"
"CAROLINA","3","NY ISLANDERS","4","","24","31"
"NEW JERSEY","5","FLORIDA","1","","24","29"
"OTTAWA","3","TAMPA BAY","2","SO","34","40"
"ANAHEIM","3","DETROIT","2","","26","29"
"PITTSBURGH","5","TORONTO","2","","41","25"
"WASHINGTON","4","BOSTON","0","","21","29"
"LOS ANGELES","2","ARIZONA","3","OT","26","40"
"CALGARY","1","ST LOUIS","4","","24","39"
"NY ISLANDERS","5","CAROLINA","3","","26","24"
"COLORADO","0","MINNESOTA","5","","16","48"
"CALGARY","5","EDMONTON","2","","26","40"
"CHICAGO","3","DALLAS","2","SO","26","34"
"FLORIDA","2","TAMPA BAY","3","OT","21","32"
"BOSTON","1","DETROIT","2","","17","24"
"WINNIPEG","6","ARIZONA","2","","27","28"
"OTTAWA","2","NASHVILLE","3","","20","37"
"NY RANGERS","3","ST LOUIS","2","","25","25"
"MONTREAL","2","WASHINGTON","1","SO","24","30"
"ANAHEIM","4","PITTSBURGH","6","","29","39"
"NEW JERSEY","6","PHILADELPHIA","4","","26","39"
"COLUMBUS","3","BUFFALO","1","","40","22"
"VANCOUVER","4","CALGARY","2","","33","25"
"PHILADELPHIA","1","BOSTON","2","","20","33"
"SAN JOSE","4","LOS ANGELES","0","","30","34"
"MONTREAL","4","TORONTO","3","","32","27"
